{"cameraMode":{"drawMode":0,"name":"Shaded","section":"Shading Mode"},"sceneLighting":false,"audioPlay":false,"sceneViewState":{"showFog":true,"showMaterialUpdate":true,"showSkybox":true,"showFlares":true,"showImageEffects":true,"showParticleSystems":true},"in2DMode":false,"pivot":{"x":283.0897216796875,"y":5.06500244140625,"z":277.84185791015627},"rotation":{"x":-0.0005065432633273304,"y":0.9994804263114929,"z":0.02009318582713604,"w":0.02519628405570984},"size":4.30827522277832,"orthographic":false}