{"cameraMode":{"drawMode":0,"name":"Shaded","section":"Shading Mode"},"sceneLighting":false,"audioPlay":false,"sceneViewState":{"showFog":true,"showMaterialUpdate":true,"showSkybox":true,"showFlares":true,"showImageEffects":true,"showParticleSystems":true},"in2DMode":false,"pivot":{"x":6.492547988891602,"y":0.9648563861846924,"z":54.16608428955078},"rotation":{"x":-0.030525032430887224,"y":0.06741628050804138,"z":0.002063844818621874,"w":0.9972557425498962},"size":5.959725856781006,"orthographic":false}